0,Assjob,documents/08e9e70c-f9b1-4576-bd3f-d0bea9403575.jpeg,"['10代', 'デカ尻', '日本人', '貧乳']",,https://jp.pornhub.com/view_video.php?viewkey=ph5ecd35fee7b14
1,ウブなメガネロリータ少女におもいっきり中出しをキメる,documents/e80685ac-a90b-4835-81a4-8f5f82349fe6.jpeg,"['10代', '射精', '日本人', '貧乳']",,https://jp.pornhub.com/view_video.php?viewkey=ph5ecd3a7c50bac
2,cosplayarknightsamiya,documents/8dd42f6b-ebb3-4eaf-a306-1c2073c27cc1.jpeg,"['10代', 'HD画質', 'フェラ', '日本人', '茶髪', '貧乳']",,https://jp.pornhub.com/view_video.php?viewkey=ph5ece7f743e0ec
3,fc2-1364100,documents/bc61c9fa-cad1-4430-a164-70985b8e7ac2.jpeg,"['10代', 'HD画質', 'マッサージ', '日本人']",,https://jp.pornhub.com/view_video.php?viewkey=ph5ece8e5a2c9b1
4,【訳アリ】デルデルデル子ちゃん【終了の可能性◎】,documents/037d8562-0d80-4e27-9a01-795d210ba241.jpeg,"['10代', 'HD画質', 'コスプレ', '中出し', '主観映像', '日本人', '潮吹き', '素人', '認証済みユーザー']",,https://jp.pornhub.com/view_video.php?viewkey=ph5ecea8d0ec7d9
5,【女子SPA推油】此视频有两段剪辑版本值得观看,documents/0415ed73-0cec-48e5-adc4-fc4a2ab13d00.jpeg,"['3P', 'HD画質', 'オナニー', 'デカ尻', 'マッサージ', '日本人', '貧乳']",,https://jp.pornhub.com/view_video.php?viewkey=ph5eceb81d3d75f
6,Sayaka11,documents/40d3456c-9552-440b-8835-b5d98ff64dff.jpeg,"['10代', 'HD画質', 'デカ尻', '日本人']",,https://jp.pornhub.com/view_video.php?viewkey=ph5ecef9aa6c567
7,ガチ催眠　004,documents/633c51f3-8410-407e-9550-6ac59570e037.jpeg,"['10代', 'コスプレ', '日本人', '貧乳']",,https://jp.pornhub.com/view_video.php?viewkey=ph5ecf82f3d48b8
8,CuteJapanesegirlfuckingharddeepthroat(3),documents/aa5d170a-7684-429d-89f3-c549d950d34c.jpeg,"['10代', 'HD画質', 'SM', 'ハードコア', 'フェラ', '乱暴', '日本人', '貧乳']",,https://jp.pornhub.com/view_video.php?viewkey=ph5ecf96d3dd9ee
9,JAPANESEASMR,documents/809c6eac-e176-4456-8a07-8dd2bb49ce9f.jpeg,"['HD画質', 'アジアン', '巨乳', '手コキ', '日本人', '貧乳']",,https://jp.pornhub.com/view_video.php?viewkey=ph5ed036d8c3b25
10,ドスケベ巨乳に犯される,documents/fe587aa3-7335-453a-8f05-f97a22297901.jpeg,"['10代', 'HD画質', 'フェラ', '主観映像', '射精', '巨乳', '日本人']",,https://jp.pornhub.com/view_video.php?viewkey=ph5eb600ae33c9f
11,みづなれい——女子学生はフェラでご主人の帰りを歓迎します。,documents/fbed57e9-132f-4ef8-b474-c8b3a27c20ae.jpeg,"['10代', 'クンニ', 'フェラ', '学校', '射精', '日本人']",,https://jp.pornhub.com/view_video.php?viewkey=ph5eb61b6316ce3
12,愛しの豊満奥さん田辺夏美(japanesebbwnatsumitanabe),documents/8087de86-b76c-4d05-b002-36ef51d2d83b.jpeg,"['デカ尻', '中年女性', '巨乳', '日本人', '素人']",,https://jp.pornhub.com/view_video.php?viewkey=ph5eb623c78a78b
13,fc_1347,documents/d9b38f31-d892-4606-9309-c20e83bb0855.jpeg,"['10代', 'HD画質', 'オナニー', 'クンニ', 'フェチ', 'フェラ', '中出し', '大学生', '日本人']",,https://jp.pornhub.com/view_video.php?viewkey=ph5eb6267d785ce
14,Japanesepregnantchickgangbangedbyabunchofguys,documents/997c642c-6c38-4310-bad3-038693066e2d.jpeg,"['3人以上', 'HD画質', 'フェチ', 'フェラ', '中年女性', '巨乳', '日本人']",,https://jp.pornhub.com/view_video.php?viewkey=ph5eb63bfe2d894
15,未成年少女被爆操,documents/ad9a1377-9abd-43f3-a9b8-8e1774ab4e08.jpeg,"['10代', 'フェラ', '日本人', '素人', '貧乳']",,https://jp.pornhub.com/view_video.php?viewkey=ph5eb64ae406a50
16,提携許諾許可サイトのみ使用可011(他サイト引用不可)-a672,documents/938badb7-1461-45dd-9a58-7cf24ff45e6a.jpeg,"['10代', '3P', 'フェラ', '射精', '巨乳', '日本人']",,https://jp.pornhub.com/view_video.php?viewkey=ph5eb66077b57d8
17,SF121YuMiaoYi,documents/bb19765e-dff1-4866-a3d3-7ffce0844204.jpeg,"['10代', '日本人', '素人', '貧乳']",,https://jp.pornhub.com/view_video.php?viewkey=ph5eb673a939a4d
18,射◯はお口の中にお願いします。,documents/a13c8b35-58e5-4810-8797-bcb401ce8fa2.jpeg,"['10代', 'フェチ', 'フェラ', '日本人', '素人']",,https://jp.pornhub.com/view_video.php?viewkey=ph5eb6782e4652e
19,BigBoobssaekomatsushita2,documents/6fc32e7f-389d-43ac-8444-a632ddff7f15.jpeg,"['10代', 'HD画質', '巨乳', '日本人', '素人']",,https://jp.pornhub.com/view_video.php?viewkey=ph5eb6a57e9a9fc
20,asdyutytdsasdfbn,documents/fc116ee0-9e86-49ce-8999-521f1713fec4.jpeg,"['10代', 'フェラ', '中出し', '日本人', '貧乳', '野外・露出']",,https://jp.pornhub.com/view_video.php?viewkey=ph5eb76418da506
21,yukiiorijapanesebigtitsPcup,documents/50ce9b78-7705-40b4-a2b3-69a6e3988c2a.jpeg,"['3人以上', 'HD画質', 'デブ専', 'フェラ', '中年女性', '巨乳', '日本人']",,https://jp.pornhub.com/view_video.php?viewkey=ph5eba108def84a
22,VRTM-350,documents/7444fe17-8079-4653-9e87-22631dd15902.jpeg,"['AV女優', 'デカ尻', '中出し', '巨乳', '日本人', '熟女']",,https://jp.pornhub.com/view_video.php?viewkey=ph5eba3820059f8
23,无码BBW-完整版在私人空间-+企鹅1710158500,documents/1022a57b-a747-40bd-8213-39e8f1b77505.jpeg,"['デカ尻', 'デブ専', '中年女性', '巨乳', '日本人']",,https://jp.pornhub.com/view_video.php?viewkey=ph5eba5a13b967b
24,AVSW-002YumiKazamaJapanesemifl,documents/a6d25129-f856-4d77-99dc-dcfbadd8eba8.jpeg,"['AV女優', 'デカ尻', 'フェチ', '主観映像', '巨乳', '日本人', '熟女']",,https://jp.pornhub.com/view_video.php?viewkey=ph5eaf5da418793
25,Japanesecutieteenlactatingandgettingfucked,documents/67d4eba3-032c-4ad4-a67f-f0800d6238b2.jpeg,"['10代', 'おもちゃ', '主観映像', '射精', '日本人', '素人', '貧乳']",,https://jp.pornhub.com/view_video.php?viewkey=ph5eba7019c3c9e
26,CMF004,documents/4727d86a-600f-40a6-a7a9-c3fc6bd54af6.jpeg,"['10代', 'SM', '日本人', '貧乳']",,https://jp.pornhub.com/view_video.php?viewkey=ph5eba861f1025b
27,CaptiveNurseForciblyImpregnatingABeautifulY********lInAWhiteCoat,documents/80c78609-3118-48e2-a9a8-d205d2edaa2f.jpeg,"['10代', 'HD画質', 'SM', 'アジアン', 'ハードコア', '日本人', '素人', '茶髪', '貧乳']",,https://jp.pornhub.com/view_video.php?viewkey=ph5ebad355031ba
28,japanesegirlsfarting,documents/3e9dbe64-745a-4576-9dbb-b8bb988c85c3.jpeg,"['HD画質', 'デカ尻', 'フェチ', '日本人', '素人']",,https://jp.pornhub.com/view_video.php?viewkey=ph5ebae53c9b937
29,UNKW-071-morestunningladieswhobadlyneedtopeeandgooutside,documents/46b7d5d0-cea9-40d1-9949-8fe89229a328.jpeg,"['10代', 'HD画質', 'お漏らし', '日本人', '野外・露出']",,https://jp.pornhub.com/view_video.php?viewkey=ph5ebb3b299edba
30,fewagawefewa,documents/dbf6e92f-6a71-4c07-bda3-c33a200c58cf.jpeg,"['10代', 'HD画質', 'SM', 'フェラ', '中出し', '日本人']",,https://jp.pornhub.com/view_video.php?viewkey=ph5ebb38b1bf574
31,Movie_01_鹿島さんのRQコスはエロ過ぎじゃない？,documents/d2df4ba8-eacc-4c98-aa60-59343010694e.jpeg,"['10代', '60FPS', 'HD画質', 'コスプレ', '中出し', '巨乳', '日本人']",,https://jp.pornhub.com/view_video.php?viewkey=ph5ecbca78d34d7
